Comp,Att,Pct,Att/G,Yds,Avg,Yds/G,TD,Int,1st,1st%,Lng,20+,40+,Sck,Rate
471,673,70.0,42.1,5208,7.7,325.5,37,15,264,39.2,98,70,10,27,101.7
373,534,69.9,33.4,4944,9.3,309.0,38,7,238,44.6,76,69,17,37,117.1
406,606,67.0,37.9,4917,8.1,307.3,25,12,225,37.1,80,69,13,23,97.2
401,610,65.7,38.1,4428,7.3,276.8,40,7,222,36.4,66,57,10,35,104.2
349,578,60.4,36.1,4386,7.6,274.1,33,21,214,37.0,59,57,16,36,87.9
388,594,65.3,37.1,4327,7.3,270.4,24,10,217,36.5,73,52,10,37,93.3
436,672,64.9,42.0,4317,6.4,269.8,20,15,204,30.4,95,40,11,33,83.5
346,545,63.5,36.3,4240,7.8,282.7,31,13,206,37.8,64,61,8,41,96.4
364,597,61.0,39.8,4233,7.1,282.2,26,14,218,36.5,80,48,6,40,87.2
353,546,64.7,34.1,4219,7.7,263.7,21,11,193,35.3,59,51,11,41,92.6
364,563,64.7,35.2,4206,7.5,262.9,18,8,204,36.2,86,53,13,41,91.8
345,567,60.8,35.4,4090,7.2,255.6,28,18,214,37.7,45,43,4,35,86.1
377,598,63.0,37.4,4027,6.7,251.7,26,16,190,31.8,75,46,11,21,86.0
357,560,63.8,37.3,3937,7.0,262.5,28,6,189,33.8,75,50,8,16,96.7
368,625,58.9,39.1,3905,6.2,244.1,23,16,206,33.0,51,43,4,34,78.8
395,552,71.6,36.8,3877,7.0,258.5,20,5,197,35.7,71,49,8,37,99.3
328,509,64.4,36.4,3819,7.5,272.8,29,13,184,36.1,72,59,8,17,95.4
379,607,62.4,37.9,3782,6.2,236.4,16,14,191,31.5,73,39,6,33,79.3
311,459,67.8,28.7,3667,8.0,229.2,23,4,182,39.7,83,38,8,25,104.9
291,432,67.4,36.0,3554,8.2,296.2,28,2,163,37.7,79,45,8,15,112.2
270,510,52.9,34.0,3509,6.9,233.9,19,14,172,33.7,88,42,8,36,75.8
328,489,67.1,32.6,3502,7.2,233.5,15,8,181,37.0,80,39,8,28,91.2
276,451,61.2,30.1,3426,7.6,228.4,26,9,158,35.0,60,50,7,23,95.6
289,486,59.5,34.7,3401,7.0,242.9,18,10,155,31.9,76,37,8,31,84.6
269,436,61.7,29.1,3023,6.9,201.5,17,6,147,33.7,84,33,7,42,89.7
261,389,67.1,29.9,2995,7.7,230.4,19,12,132,33.9,74,37,11,29,93.5
301,510,59.0,34.0,2957,5.8,197.1,15,16,153,30.0,53,29,4,27,72.2
228,403,56.6,28.8,2710,6.7,193.6,12,17,128,31.8,57,38,5,19,69.6
196,331,59.2,27.6,2241,6.8,186.8,16,4,101,30.5,65,25,5,36,90.7
196,322,60.9,32.2,2201,6.8,220.1,9,11,102,31.7,65,31,8,23,76.4
129,216,59.7,30.9,1611,7.5,230.1,8,14,89,41.2,37,21,0,6,68.3
134,200,67.0,33.3,1445,7.2,240.8,6,0,75,37.5,64,13,1,4,98.0
128,195,65.6,21.7,1380,7.1,153.3,6,2,67,34.4,44,17,4,21,92.3
90,165,54.5,33.0,1100,6.7,220.0,6,6,56,33.9,54,14,2,18,72.3
112,205,54.6,29.3,1089,5.3,155.6,5,7,47,22.9,66,12,1,26,63.6
81,137,59.1,27.4,1059,7.7,211.8,4,5,45,32.8,54,15,3,17,78.1
91,160,56.9,26.7,925,5.8,154.2,5,6,51,31.9,75,10,1,11,68.4
87,147,59.2,29.4,886,6.0,177.2,2,3,43,29.3,58,9,3,22,72.5
75,133,56.4,22.2,809,6.1,134.8,3,7,35,26.3,52,9,4,13,60.0
55,87,63.2,21.8,721,8.3,180.2,8,3,35,40.2,66,9,4,1,105.6
53,86,61.6,10.8,558,6.5,69.8,4,2,26,30.2,51,5,2,4,86.3
43,63,68.3,10.5,502,8.0,83.7,4,0,22,34.9,37,7,0,3,113.3
49,83,59.0,27.7,497,6.0,165.7,2,1,25,30.1,31,3,0,9,79.2
46,73,63.0,24.3,461,6.3,153.7,0,0,20,27.4,32,5,0,5,80.9
36,53,67.9,10.6,453,8.5,90.6,2,5,22,41.5,48,7,1,0,67.6
36,55,65.5,18.3,410,7.5,136.7,3,0,15,27.3,49,7,1,4,105.9
34,55,61.8,18.3,400,7.3,133.3,0,0,18,32.7,58,4,1,6,83.9
30,51,58.8,12.8,284,5.6,71.0,2,2,16,31.4,50,3,1,5,71.0
19,35,54.3,11.7,242,6.9,80.7,0,0,12,34.3,33,3,0,1,76.1
23,37,62.2,12.3,216,5.8,72.0,1,2,13,35.1,32,1,0,3,64.7
428,627,68.3,41.8,4870,7.8,324.7,32,11,228,36.4,80,68,13,31,101.0
437,661,66.1,41.3,4792,7.2,299.5,29,13,226,34.2,80,53,8,40,93.8
402,624,64.4,39.0,4770,7.6,298.1,36,7,228,36.5,76,58,12,38,102.2
342,537,63.7,33.6,4671,8.7,291.9,35,11,231,43.0,68,65,15,25,104.6
407,614,66.3,38.4,4591,7.5,286.9,21,16,229,37.3,70,49,9,30,89.0
387,618,62.6,38.6,4432,7.2,277.0,35,14,204,33.0,87,52,16,27,93.6
355,606,58.6,37.9,4428,7.3,276.8,35,18,215,35.5,90,72,11,51,88.2
398,592,67.2,37.0,4262,7.2,266.4,32,13,223,37.7,57,49,8,44,97.0
363,586,61.9,36.6,4208,7.2,263.0,24,12,193,32.9,54,57,13,45,88.7
379,543,69.8,33.9,4166,7.7,260.4,29,11,204,37.6,78,50,8,26,101.6
312,535,58.3,33.4,4042,7.6,252.6,22,15,201,37.6,68,57,9,27,84.2
329,483,68.1,30.2,4024,8.3,251.5,34,8,187,38.7,80,60,9,45,110.1
350,573,61.1,35.8,3987,7.0,249.2,32,13,183,31.9,68,53,10,31,91.1
319,469,68.0,39.1,3938,8.4,328.2,21,16,174,37.1,69,48,17,20,94.5
335,562,59.6,35.1,3905,6.9,244.1,31,15,196,34.9,69,53,9,19,88.0
296,495,59.8,30.9,3837,7.8,239.8,35,10,195,39.4,74,52,10,33,99.4
347,572,60.7,35.8,3821,6.7,238.8,31,8,173,30.2,65,55,6,46,92.7
346,532,65.0,38.0,3725,7.0,266.1,19,14,164,30.8,78,46,13,28,86.4
311,483,64.4,32.2,3659,7.6,243.9,21,11,171,35.4,87,53,10,29,92.3
307,470,65.3,29.4,3486,7.4,217.9,20,7,154,32.8,80,42,10,45,95.4
255,386,66.1,29.7,3250,8.4,250.0,25,7,147,38.1,80,52,11,20,106.2
292,447,65.3,27.9,3231,7.2,201.9,14,9,153,34.2,52,41,6,44,88.7
242,380,63.7,27.1,3035,8.0,216.8,20,6,129,33.9,63,45,11,36,99.4
230,370,62.2,30.8,2818,7.6,234.8,19,10,142,38.4,61,40,4,38,91.5
266,413,64.4,41.3,2791,6.8,279.1,14,12,123,29.8,50,36,4,16,83.1
224,369,60.7,33.5,2606,7.1,236.9,19,7,130,35.2,49,32,5,25,91.4
198,331,59.8,33.1,2249,6.8,224.9,9,17,110,33.2,75,24,7,16,67.9
186,292,63.7,36.5,2109,7.2,263.6,12,4,96,32.9,56,24,6,23,93.3
190,337,56.4,30.6,2052,6.1,186.5,7,10,82,24.3,68,27,8,14,69.0
178,282,63.1,35.2,2031,7.2,253.9,10,7,83,29.4,71,27,5,25,86.2
170,275,61.8,34.4,1967,7.2,245.9,10,6,91,33.1,72,17,4,23,86.4
162,293,55.3,41.9,1881,6.4,268.7,15,12,90,30.7,87,22,3,15,74.9
156,256,60.9,32.0,1690,6.6,211.2,9,5,85,33.2,57,22,3,16,84.0
144,244,59.0,27.1,1615,6.6,179.4,6,5,71,29.1,76,19,7,28,78.5
129,223,57.8,24.8,1500,6.7,166.7,7,5,71,31.8,61,19,4,19,79.4
119,204,58.3,25.5,1276,6.3,159.5,5,7,54,26.5,51,13,2,14,70.6
101,166,60.8,23.7,935,5.6,133.6,4,7,45,27.1,57,7,1,13,66.7
83,121,68.6,30.2,884,7.3,221.0,5,7,46,38.0,39,7,0,6,79.4
79,119,66.4,17.0,854,7.2,122.0,6,2,44,37.0,66,11,2,12,97.1
76,125,60.8,20.8,828,6.6,138.0,4,1,41,32.8,60,7,2,4,87.7
61,104,58.7,34.7,779,7.5,259.7,4,6,40,38.5,36,13,0,5,71.0
59,91,64.8,22.8,616,6.8,154.0,4,4,29,31.9,43,7,1,9,80.7
58,97,59.8,48.5,566,5.8,283.0,2,2,34,35.1,39,4,0,2,74.5
52,84,61.9,12.0,561,6.7,80.1,3,3,26,31.0,58,6,1,6,78.5
49,85,57.6,42.5,555,6.5,277.5,2,3,26,30.6,48,8,2,3,70.5
56,94,59.6,31.3,547,5.8,182.3,1,3,25,26.6,42,5,2,11,66.2
52,80,65.0,40.0,540,6.8,270.0,3,4,28,35.0,48,6,2,3,76.0
32,55,58.2,7.9,513,9.3,73.3,3,4,19,34.5,88,9,3,2,77.3
40,66,60.6,13.2,371,5.6,74.2,2,1,14,21.2,72,4,1,10,79.8
28,57,49.1,14.2,370,6.5,92.5,3,1,19,33.3,61,5,1,5,80.3
456,659,69.2,41.2,4952,7.5,309.5,33,17,258,39.2,69,52,10,29,97.0
408,608,67.1,38.0,4952,8.1,309.5,32,9,240,39.5,94,55,15,33,103.3
380,616,61.7,38.5,4761,7.7,297.6,40,16,234,38.0,80,73,15,27,96.5
395,597,66.2,37.3,4727,7.9,295.4,39,15,225,37.7,86,66,11,17,101.5
415,628,66.1,39.2,4694,7.5,293.4,28,14,230,36.6,79,60,8,31,93.9
379,601,63.1,37.6,4410,7.3,275.6,30,14,216,35.9,80,52,10,28,92.1
341,520,65.6,32.5,4381,8.4,273.8,38,5,219,42.1,80,59,15,28,112.2
379,570,66.5,35.6,4286,7.5,267.9,31,18,213,37.4,59,57,9,36,93.8
363,602,60.3,37.6,4257,7.1,266.1,22,12,209,34.7,73,53,11,45,85.7
373,582,64.1,36.4,4109,7.1,256.8,33,9,220,37.8,69,44,8,21,97.4
392,590,66.4,36.9,4045,6.9,252.8,27,12,224,38.0,50,41,4,46,92.8
344,554,62.1,34.6,3986,7.2,249.1,27,12,194,35.0,80,50,7,19,91.0
370,561,66.0,37.4,3812,6.8,254.1,28,18,181,32.3,74,39,8,38,88.6
304,435,69.9,29.0,3705,8.5,247.0,34,9,189,43.4,68,49,10,29,113.2
285,452,63.1,28.2,3475,7.7,217.2,20,7,159,35.2,80,54,8,42,95.0
309,481,64.2,30.1,3398,7.1,212.4,19,17,158,32.8,81,33,7,21,83.5
289,478,60.5,29.9,3369,7.0,210.6,19,10,163,34.1,80,48,5,52,86.4
242,438,55.3,31.3,3326,7.6,237.6,12,13,163,37.2,81,51,10,24,76.5
348,599,58.1,37.4,3270,5.5,204.4,21,12,163,27.2,77,28,7,24,76.6
303,464,65.3,30.9,3265,7.0,217.7,18,6,175,37.7,70,40,3,45,93.4
262,448,58.5,32.0,3127,7.0,223.4,18,12,155,34.6,51,37,4,38,82.1
287,447,64.2,37.2,3018,6.8,251.5,18,10,147,32.9,84,39,7,33,87.8
259,402,64.4,30.9,2919,7.3,224.5,14,12,137,34.1,87,38,7,39,85.2
280,475,58.9,33.9,2908,6.1,207.7,11,17,132,27.8,63,37,6,55,69.5
219,367,59.7,26.2,2525,6.9,180.4,13,13,118,32.2,74,33,7,28,77.5
197,312,63.1,26.0,2483,8.0,206.9,17,8,119,38.1,76,38,8,21,95.3
198,309,64.1,34.3,2418,7.8,268.7,14,11,117,37.9,72,34,6,23,88.4
184,327,56.3,29.7,2206,6.7,200.5,11,14,98,30.0,56,28,6,36,70.5
186,311,59.8,38.9,2163,7.0,270.4,13,10,101,32.5,68,29,7,9,81.4
180,284,63.4,28.4,2001,7.0,200.1,12,9,106,37.3,59,21,4,29,85.1
132,240,55.0,26.7,1711,7.1,190.1,7,5,77,32.1,49,29,6,11,78.7
126,204,61.8,34.0,1710,8.4,285.0,10,9,75,36.8,81,27,8,8,86.4
147,214,68.7,23.8,1694,7.9,188.2,4,6,67,31.3,69,18,8,33,86.9
145,229,63.3,25.4,1657,7.2,184.1,8,7,81,35.4,63,22,3,18,83.9
141,224,62.9,37.3,1626,7.3,271.0,11,3,82,36.6,80,19,3,9,95.6
117,203,57.6,33.8,1417,7.0,236.2,10,6,64,31.5,41,23,3,16,83.3
107,179,59.8,25.6,1412,7.9,201.7,8,7,56,31.3,80,21,5,18,83.4
105,185,56.8,26.4,1326,7.2,189.4,7,2,56,30.3,75,18,2,18,87.4
91,128,71.1,25.6,1057,8.3,211.4,4,3,44,34.4,70,12,4,17,96.4
86,146,58.9,20.9,993,6.8,141.9,5,7,47,32.2,61,11,1,14,70.9
76,131,58.0,26.2,838,6.4,167.6,5,3,39,29.8,80,13,1,6,80.3
65,97,67.0,16.2,701,7.2,116.8,5,0,44,45.4,35,6,0,4,105.2
64,121,52.9,12.1,604,5.0,60.4,3,2,33,27.3,67,5,2,19,68.3
45,93,48.4,31.0,562,6.0,187.3,2,4,30,32.3,41,9,1,6,56.8
42,78,53.8,26.0,492,6.3,164.0,3,1,19,24.4,63,5,3,16,80.7
45,77,58.4,38.5,435,5.6,217.5,2,2,21,27.3,35,6,0,3,72.2
41,71,57.7,23.7,425,6.0,141.7,3,4,21,29.6,28,5,0,6,65.8
41,75,54.7,25.0,400,5.3,133.3,2,2,23,30.7,41,3,1,1,67.6
24,41,58.5,8.2,303,7.4,60.6,3,2,16,39.0,43,5,2,1,85.7
30,44,68.2,11.0,301,6.8,75.2,2,0,17,38.6,32,5,0,2,102.6
450,659,68.3,41.2,5477,8.3,342.3,55,10,289,43.9,78,68,13,18,115.1
446,650,68.6,40.6,5162,7.9,322.6,39,12,244,37.5,76,67,15,37,104.7
371,634,58.5,39.6,4650,7.3,290.6,29,19,221,34.9,87,62,10,23,84.2
439,651,67.4,40.7,4515,6.9,282.2,26,17,225,34.6,81,44,9,44,89.6
378,544,69.5,34.0,4478,8.2,279.9,32,11,230,42.3,60,60,6,30,105.5
380,628,60.5,39.2,4343,6.9,271.4,25,11,225,35.8,81,49,8,40,87.3
363,586,61.9,36.6,4293,7.3,268.3,33,20,204,34.8,82,56,15,29,88.8
362,572,63.3,35.8,4274,7.5,267.1,24,22,204,35.7,91,49,9,41,83.9
375,584,64.2,36.5,4261,7.3,266.3,28,14,205,35.1,67,60,10,42,92.0
355,588,60.4,36.8,3913,6.7,244.6,24,17,204,34.7,67,46,10,58,81.7
362,614,59.0,38.4,3912,6.4,244.5,19,22,189,30.8,74,45,14,48,73.1
342,535,63.9,35.7,3828,7.2,255.2,31,10,194,36.3,82,44,7,35,96.7
343,570,60.2,35.6,3822,6.7,238.9,23,9,185,32.5,73,43,9,32,87.0
317,551,57.5,34.4,3818,6.9,238.6,18,27,174,31.6,70,54,7,39,69.4
292,473,61.7,29.6,3379,7.1,211.2,24,13,169,35.7,79,33,7,43,88.8
257,407,63.1,25.4,3357,8.2,209.8,26,9,153,37.6,80,49,10,44,101.2
308,508,60.6,33.9,3313,6.5,220.9,23,7,165,32.5,71,42,6,39,89.1
305,503,60.6,33.5,3241,6.4,216.1,13,14,151,30.0,62,37,5,38,76.5
274,456,60.1,35.1,3203,7.0,246.4,16,12,157,34.4,62,32,4,38,82.2
243,416,58.4,26.0,3197,7.7,199.8,21,8,147,35.3,64,46,10,39,91.6
247,443,55.8,27.7,3046,6.9,190.4,12,21,143,32.3,69,43,6,43,66.5
203,317,64.0,24.4,2891,9.1,222.4,27,2,129,40.7,63,52,13,28,119.2
224,355,63.1,32.3,2621,7.4,238.3,19,12,125,35.2,67,32,8,19,89.2
247,416,59.4,32.0,2608,6.3,200.6,19,9,126,30.3,85,28,7,40,83.9
193,290,66.6,32.2,2536,8.7,281.8,17,6,108,37.2,83,35,7,21,104.9
217,350,62.0,31.8,2454,7.0,223.1,14,12,116,33.1,77,32,7,21,82.0
219,358,61.2,35.8,2310,6.5,231.0,10,14,115,32.1,46,26,3,21,73.0
180,317,56.8,35.2,2015,6.4,223.9,11,8,86,27.1,80,25,7,16,76.9
180,306,58.8,30.6,1972,6.4,197.2,11,9,86,28.1,45,28,4,28,77.7
149,224,66.5,28.0,1829,8.2,228.6,13,1,90,40.2,80,21,3,11,109.0
153,254,60.2,28.2,1807,7.1,200.8,11,9,80,31.5,79,26,5,16,81.6
156,272,57.4,24.7,1798,6.6,163.5,7,11,85,31.3,73,16,4,31,69.1
137,253,54.2,31.6,1760,7.0,220.0,9,6,76,30.0,66,26,6,19,78.2
141,267,52.8,33.4,1731,6.5,216.4,9,9,80,30.0,95,21,6,27,70.3
159,262,60.7,37.4,1687,6.4,241.0,14,4,85,32.4,73,19,3,15,90.9
142,242,58.7,24.2,1673,6.9,167.3,8,7,80,33.1,81,22,2,21,78.8
152,239,63.6,26.6,1648,6.9,183.1,7,9,83,34.7,47,26,2,27,77.9
118,211,55.9,30.1,1547,7.3,221.0,8,8,69,32.7,52,29,4,6,76.1
111,183,60.7,26.1,1256,6.9,179.4,8,4,56,30.6,66,16,3,16,86.7
77,141,54.6,20.1,1215,8.6,173.6,5,3,51,36.2,70,25,5,15,86.5
102,166,61.4,33.2,1146,6.9,229.2,7,4,57,34.3,56,17,2,17,86.1
93,157,59.2,26.2,1092,7.0,182.0,4,3,48,30.6,57,15,4,18,81.0
81,155,52.3,31.0,854,5.5,170.8,4,7,41,26.5,62,7,2,5,58.4
55,90,61.1,30.0,717,8.0,239.0,1,5,29,32.2,52,13,2,3,66.8
57,96,59.4,32.0,615,6.4,205.0,5,3,33,34.4,47,6,1,6,82.6
42,86,48.8,28.7,481,5.6,160.3,1,7,23,26.7,67,6,1,12,36.0
33,51,64.7,17.0,398,7.8,132.7,2,2,19,37.3,39,4,0,0,85.3
26,59,44.1,29.5,309,5.2,154.5,1,3,15,25.4,59,3,1,2,45.1
30,49,61.2,16.3,300,6.1,100.0,0,4,17,34.7,26,3,0,3,44.6
25,38,65.8,7.6,248,6.5,49.6,1,1,14,36.8,48,3,1,2,81.9
422,670,63.0,41.9,5177,7.7,323.6,43,19,266,39.7,80,66,13,26,96.3
435,727,59.8,45.4,4967,6.8,310.4,20,17,264,36.3,57,63,9,29,79.8
425,648,65.6,40.5,4903,7.6,306.4,28,19,231,35.6,85,54,9,36,90.5
401,637,63.0,39.8,4827,7.6,301.7,34,8,255,40.0,83,57,8,27,98.7
422,615,68.6,38.4,4719,7.7,294.9,32,14,246,40.0,80,46,10,28,99.1
400,583,68.6,36.4,4659,8.0,291.2,37,11,230,39.5,71,64,7,21,105.8
339,627,54.1,39.2,4374,7.0,273.4,23,18,208,33.2,70,65,11,41,76.5
371,552,67.2,34.5,4295,7.8,268.4,39,8,211,38.2,73,54,9,51,108.0
306,558,54.8,34.9,4065,7.3,254.1,27,17,185,33.2,95,55,16,26,81.6
345,565,61.1,37.7,4018,7.1,267.9,22,14,184,32.6,64,49,10,26,85.3
350,544,64.3,34.0,4008,7.4,250.5,22,12,202,37.1,60,46,8,27,90.7
321,536,59.9,33.5,3948,7.4,246.8,26,15,186,34.7,80,50,10,19,87.2
280,485,57.7,30.3,3869,8.0,241.8,19,12,168,34.6,82,57,11,36,86.2
317,531,59.7,33.2,3817,7.2,238.6,22,10,174,32.8,61,60,12,35,87.7
328,551,59.5,34.4,3702,6.7,231.4,21,13,185,33.6,80,41,8,35,82.6
329,528,62.3,33.0,3669,6.9,229.3,27,16,171,32.4,59,37,12,46,87.4
338,527,64.1,32.9,3606,6.8,225.4,26,15,184,34.9,80,41,3,49,88.6
306,505,60.6,31.6,3400,6.7,212.5,24,16,174,34.5,68,44,7,30,83.3
297,517,57.4,34.5,3385,6.5,225.7,14,17,168,32.5,71,48,6,28,72.6
282,484,58.3,30.2,3294,6.8,205.9,12,13,151,31.2,80,40,3,35,76.1
284,449,63.3,34.5,3265,7.3,251.2,26,8,167,37.2,82,39,6,30,97.0
258,393,65.6,26.2,3200,8.1,213.3,20,5,151,38.4,88,47,6,30,102.4
252,393,64.1,24.6,3118,7.9,194.9,26,10,149,37.9,67,42,11,33,100.0
255,434,58.8,28.9,3033,7.0,202.2,19,14,153,35.3,60,38,5,38,81.3
300,483,62.1,30.2,2935,6.1,183.4,18,12,163,33.7,65,28,3,32,81.2
246,453,54.3,30.2,2883,6.4,192.2,13,18,146,32.2,66,36,5,34,66.9
204,351,58.1,35.1,2362,6.7,236.2,12,10,114,32.5,77,27,4,28,78.1
177,314,56.4,28.5,2176,6.9,197.8,10,11,93,29.6,71,29,7,25,74.0
166,308,53.9,30.8,2084,6.8,208.4,11,11,85,27.6,81,30,5,28,72.2
136,218,62.4,16.8,1814,8.3,139.5,10,3,85,39.0,57,32,4,16,98.3
161,277,58.1,30.8,1796,6.5,199.6,6,12,96,34.7,46,24,1,19,66.7
153,218,70.2,21.8,1737,8.0,173.7,13,5,87,39.9,55,22,4,24,104.1
161,265,60.8,37.9,1699,6.4,242.7,6,5,76,28.7,46,24,2,20,79.1
162,278,58.3,27.8,1662,6.0,166.2,9,6,72,25.9,80,18,3,22,77.4
138,221,62.4,27.6,1367,6.2,170.9,7,5,71,32.1,37,13,0,14,81.0
109,183,59.6,30.5,1169,6.4,194.8,8,3,62,33.9,46,13,1,27,86.1
112,197,56.9,19.7,1141,5.8,114.1,2,8,48,24.4,57,12,2,21,60.1
109,201,54.2,28.7,1132,5.6,161.7,2,9,55,27.4,40,13,1,15,55.4
89,171,52.0,28.5,752,4.4,125.3,0,7,38,22.2,28,6,0,12,46.7
45,70,64.3,35.0,475,6.8,237.5,1,4,22,31.4,43,5,1,3,64.9
33,48,68.8,16.0,466,9.7,155.3,4,3,20,41.7,77,6,2,3,101.6
30,53,56.6,26.5,330,6.2,165.0,1,2,13,24.5,53,4,1,4,65.8
25,53,47.2,26.5,272,5.1,136.0,0,1,13,24.5,37,5,0,3,54.9
32,51,62.7,8.5,265,5.2,44.2,2,2,10,19.6,45,1,1,6,72.8
19,31,61.3,15.5,214,6.9,107.0,1,1,13,41.9,30,2,0,11,79.2
22,32,68.8,32.0,204,6.4,204.0,1,1,12,37.5,23,1,0,3,83.3
17,29,58.6,4.1,179,6.2,25.6,0,1,8,27.6,25,2,0,3,62.3
10,13,76.9,13.0,172,13.2,172.0,2,0,8,61.5,46,4,1,0,157.9
14,30,46.7,10.0,155,5.2,51.7,2,1,9,30.0,38,2,0,0,70.8
11,19,57.9,9.5,131,6.9,65.5,1,0,7,36.8,37,2,0,2,96.6
468,657,71.2,41.1,5476,8.3,342.2,46,14,278,42.3,79,69,11,24,110.6
401,611,65.6,38.2,5235,8.6,327.2,39,12,261,42.7,99,71,14,32,105.6
421,663,63.5,41.4,5038,7.6,314.9,41,16,243,36.7,73,64,16,36,97.2
359,589,61.0,36.8,4933,8.4,308.3,29,16,216,36.7,99,67,18,28,92.9
343,502,68.3,33.5,4643,9.2,309.5,45,6,208,41.4,93,64,13,36,122.5
366,582,62.9,36.4,4624,7.9,289.0,27,20,234,40.2,58,69,8,30,88.7
346,522,66.3,32.6,4184,8.0,261.5,31,10,203,38.9,77,56,11,36,102.5
347,566,61.3,35.4,4177,7.4,261.1,29,12,205,36.2,80,55,10,26,92.2
324,513,63.2,34.2,4077,7.9,271.8,21,14,210,40.9,95,56,9,40,90.1
310,517,60.0,32.3,4051,7.8,253.2,21,17,173,33.5,91,65,9,35,84.5
353,569,62.0,35.6,3832,6.7,239.5,24,23,178,31.3,60,48,8,22,79.1
312,542,57.6,33.9,3610,6.7,225.6,20,12,179,33.0,74,44,7,31,80.9
346,551,62.8,36.7,3592,6.5,239.5,16,22,168,30.5,65,33,5,29,74.6
319,518,61.6,32.4,3571,6.9,223.2,18,14,163,31.5,80,43,10,19,82.4
308,543,56.7,33.9,3474,6.4,217.1,26,18,171,31.5,74,39,2,39,78.2
300,516,58.1,32.2,3398,6.6,212.4,20,13,156,30.2,84,48,10,24,80.4
253,423,59.8,32.5,3303,7.8,254.1,18,14,155,36.6,73,50,6,23,84.9
265,458,57.9,35.2,3151,6.9,242.4,16,20,159,34.7,51,48,6,25,72.4
273,445,61.3,27.8,3144,7.1,196.5,17,5,147,33.0,56,41,6,44,90.7
271,450,60.2,30.0,3091,6.9,206.1,14,13,138,30.7,61,45,8,42,79.2
199,328,60.7,32.8,2753,8.4,275.3,13,16,122,37.2,78,43,11,17,80.5
265,463,57.2,35.6,2733,5.9,210.2,14,11,144,31.1,56,26,5,32,74.6
210,347,60.5,26.7,2497,7.2,192.1,16,9,122,35.2,65,38,6,36,87.1
178,292,61.0,29.2,2479,8.5,247.9,15,6,118,40.4,80,37,9,16,96.8
182,314,58.0,31.4,2319,7.4,231.9,13,7,106,33.8,56,32,5,23,85.7
210,413,50.8,27.5,2214,5.4,147.6,12,11,109,26.4,74,25,4,40,65.4
191,357,53.5,35.7,2164,6.1,216.4,6,6,104,29.1,68,25,3,36,70.5
146,253,57.7,28.1,1955,7.7,217.2,9,8,88,34.8,73,23,8,30,81.1
151,275,54.9,34.4,1913,7.0,239.1,11,14,82,29.8,60,31,7,23,68.9
158,291,54.3,26.5,1853,6.4,168.5,13,13,91,31.3,72,23,4,30,70.1
126,271,46.5,19.4,1729,6.4,123.5,12,6,76,28.0,56,25,6,33,72.9
160,269,59.5,29.9,1713,6.4,190.3,10,9,83,30.9,52,21,5,22,76.6
132,243,54.3,27.0,1541,6.3,171.2,6,9,71,29.2,87,19,5,16,66.6
122,193,63.2,24.1,1201,6.2,150.1,6,4,70,36.3,40,8,1,14,82.4
100,165,60.6,27.5,1170,7.1,195.0,6,4,56,33.9,58,17,3,5,84.2
94,156,60.3,26.0,1026,6.6,171.0,4,2,52,33.3,60,14,3,16,82.9
82,134,61.2,22.3,949,7.1,158.2,3,3,48,35.8,50,12,1,15,80.7
64,112,57.1,28.0,868,7.8,217.0,4,4,41,36.6,41,16,1,11,79.0
66,114,57.9,19.0,866,7.6,144.3,4,9,39,34.2,58,13,3,8,60.8
80,132,60.6,33.0,858,6.5,214.5,2,4,44,33.3,32,8,0,16,72.1
80,134,59.7,22.3,796,5.9,132.7,2,7,40,29.9,38,10,0,11,59.8
59,97,60.8,24.2,779,8.0,194.8,1,2,40,41.2,49,8,2,1,81.1
51,102,50.0,17.0,613,6.0,102.2,3,9,29,28.4,81,6,1,19,41.8
55,107,51.4,17.8,567,5.3,94.5,2,2,29,27.1,76,6,1,6,65.4
53,97,54.6,19.4,548,5.6,109.6,1,2,27,27.8,34,5,0,10,66.0
48,91,52.7,30.3,546,6.0,182.0,2,1,28,30.8,36,7,0,9,73.8
34,66,51.5,13.2,542,8.2,108.4,4,0,22,33.3,54,8,4,5,99.4
33,49,67.3,9.8,518,10.6,103.6,6,2,22,44.9,80,6,3,5,124.8
48,98,49.0,32.7,481,4.9,160.3,2,1,29,29.6,36,5,0,5,65.9
35,55,63.6,18.3,414,7.5,138.0,2,4,18,32.7,49,5,1,7,68.3
357,541,66.0,33.8,4710,8.7,294.4,30,13,234,43.3,59,65,14,38,101.8
450,679,66.3,42.4,4700,6.9,293.8,33,17,253,37.3,73,43,9,16,91.9
448,658,68.1,41.1,4620,7.0,288.8,33,22,236,35.9,80,47,10,25,90.9
365,574,63.6,35.9,4370,7.6,273.1,24,12,222,38.7,60,59,9,32,92.0
339,539,62.9,33.7,4002,7.4,250.1,31,25,192,35.6,92,57,7,16,85.3
362,586,61.8,36.6,3970,6.8,248.1,26,20,205,35.0,78,45,9,26,82.4
312,475,65.7,31.7,3922,8.3,261.5,28,11,183,38.5,86,54,10,31,101.2
324,492,65.9,30.8,3900,7.9,243.8,36,4,189,38.4,79,53,9,25,111.0
357,571,62.5,35.7,3705,6.5,231.6,28,9,199,34.9,46,32,6,23,91.0
293,498,58.8,38.3,3653,7.3,281.0,20,9,173,34.7,71,52,11,34,87.5
306,489,62.6,30.6,3622,7.4,226.4,25,10,174,35.6,67,40,7,40,93.6
354,590,60.0,36.9,3512,6.0,219.5,18,15,179,30.3,49,36,4,34,76.5
291,474,61.4,29.6,3451,7.3,215.7,25,6,166,35.0,64,48,10,28,95.9
275,472,58.3,36.3,3377,7.2,259.8,14,15,152,32.2,76,41,11,37,77.1
301,490,61.4,32.7,3301,6.7,220.1,15,19,168,34.3,57,37,4,30,75.4
278,507,54.8,31.7,3291,6.5,205.7,17,13,162,32.0,74,43,10,27,75.3
261,432,60.4,28.8,3274,7.6,218.3,23,16,159,36.8,89,41,6,52,86.3
240,389,61.7,32.4,3200,8.2,266.7,17,5,149,38.3,56,52,8,32,97.0
262,450,58.2,30.0,3116,6.9,207.7,27,7,163,36.2,75,40,4,26,93.0
233,372,62.6,31.0,3018,8.1,251.5,21,6,131,35.2,91,48,12,34,100.2
266,444,59.9,31.7,3001,6.8,214.4,12,17,136,30.6,87,33,10,29,73.2
255,441,57.8,33.9,3000,6.8,230.8,23,15,151,34.2,65,39,8,24,81.8
236,366,64.5,26.1,2734,7.5,195.3,23,15,130,35.5,75,39,5,33,90.8
257,416,61.8,37.8,2686,6.5,244.2,16,12,133,32.0,75,32,3,17,81.3
217,358,60.6,27.5,2509,7.0,193.0,11,19,114,31.8,53,38,1,22,69.9
194,329,59.0,25.3,2387,7.3,183.6,13,8,108,32.8,73,29,8,33,84.5
204,342,59.6,31.1,2370,6.9,215.5,14,10,103,30.1,62,30,7,25,82.1
209,318,65.7,31.8,2365,7.4,236.5,16,12,117,36.8,71,32,6,21,88.9
169,327,51.7,27.2,2065,6.3,172.1,7,10,97,29.7,43,32,1,25,65.9
160,278,57.6,27.8,1823,6.6,182.3,14,8,90,32.4,80,23,4,13,82.2
148,213,69.5,35.5,1605,7.5,267.5,11,7,75,35.2,69,21,2,7,94.9
135,222,60.8,27.8,1576,7.1,197.0,6,9,79,35.6,47,23,2,23,74.5
157,299,52.5,23.0,1558,5.2,119.8,3,9,73,24.4,55,16,2,33,58.4
93,156,59.6,17.3,1255,8.0,139.4,10,3,58,37.2,71,19,3,13,98.6
115,189,60.8,27.0,1197,6.3,171.0,7,7,58,30.7,83,13,3,15,76.1
73,145,50.3,24.2,1176,8.1,196.0,5,4,43,29.7,66,22,3,18,77.8
83,157,52.9,26.2,1059,6.7,176.5,5,7,50,31.8,70,15,4,10,66.3
74,133,55.6,33.2,884,6.6,221.0,7,4,42,31.6,64,10,2,9,81.2
93,149,62.4,29.8,872,5.9,174.4,2,7,36,24.2,49,11,2,6,63.4
79,143,55.2,23.8,857,6.0,142.8,5,10,47,32.9,39,11,0,13,55.6
69,119,58.0,19.8,780,6.6,130.0,4,3,39,32.8,87,7,3,6,78.4
64,101,63.4,12.6,694,6.9,86.8,4,2,35,34.7,65,7,2,6,88.5
60,126,47.6,25.2,662,5.3,132.4,2,2,30,23.8,74,8,2,9,62.3
41,82,50.0,9.1,654,8.0,72.7,5,3,31,37.8,50,10,2,6,82.1
57,96,59.4,32.0,535,5.6,178.3,6,1,27,28.1,36,4,0,4,91.3
57,99,57.6,16.5,507,5.1,84.5,2,3,22,22.2,61,5,1,5,65.5
54,89,60.7,17.8,477,5.4,95.4,0,3,27,30.3,46,4,1,8,60.9
33,62,53.2,12.4,435,7.0,87.0,2,2,20,32.3,35,7,0,8,73.0
40,66,60.6,9.4,433,6.6,61.9,3,2,21,31.8,66,3,1,7,82.4
39,78,50.0,13.0,370,4.7,61.7,1,6,19,24.4,26,3,0,14,35.7
396,583,67.9,36.4,4770,8.2,298.1,29,15,230,39.5,72,62,15,25,98.6
393,571,68.8,35.7,4500,7.9,281.2,33,16,237,41.5,80,59,8,10,99.9
347,550,63.1,34.4,4483,8.2,280.2,26,9,203,36.9,80,61,17,34,97.6
350,541,64.7,33.8,4434,8.2,277.1,30,7,197,36.4,83,55,17,50,103.2
371,565,65.7,35.3,4398,7.8,274.9,28,13,214,37.9,81,43,12,16,96.2
363,514,70.6,34.3,4388,8.5,292.5,34,11,210,40.9,75,58,11,20,109.6
337,506,66.6,33.7,4328,8.6,288.5,26,12,202,39.9,60,61,14,50,100.5
317,486,65.2,30.4,4254,8.8,265.9,28,9,208,42.8,81,64,12,25,104.4
363,531,68.4,33.2,4202,7.9,262.6,33,7,211,39.7,63,52,13,34,107.2
317,509,62.3,31.8,4021,7.9,251.3,27,14,183,36.0,74,60,12,30,93.1
336,541,62.1,33.8,3802,7.0,237.6,21,12,185,34.2,87,43,9,29,86.8
339,513,66.1,34.2,3753,7.3,250.2,26,14,191,37.2,45,42,3,24,93.2
336,555,60.5,34.7,3666,6.6,229.1,27,26,170,30.6,71,56,6,35,76.8
327,507,64.5,31.7,3618,7.1,226.1,20,15,186,36.7,84,40,8,43,86.4
315,499,63.1,31.2,3613,7.2,225.8,21,12,186,37.3,72,44,8,36,88.9
314,516,60.9,32.2,3597,7.0,224.8,15,10,170,32.9,63,44,6,42,83.5
267,443,60.3,31.6,3553,8.0,253.8,22,10,148,33.4,60,55,17,35,92.9
282,466,60.5,29.1,3094,6.6,193.4,21,13,158,33.9,73,36,5,26,83.6
293,488,60.0,34.9,3029,6.2,216.4,17,17,146,29.9,53,32,5,32,75.1
271,493,55.0,32.9,2924,5.9,194.9,16,16,128,26.0,61,37,8,42,69.9
263,451,58.3,32.2,2916,6.5,208.3,22,14,152,33.7,90,31,4,19,80.9
274,451,60.8,32.2,2878,6.4,205.6,12,14,156,34.6,67,23,4,26,75.2
196,364,53.8,24.3,2444,6.7,162.9,12,20,123,33.8,65,34,8,26,63.0
225,372,60.5,33.8,2350,6.3,213.6,18,12,98,26.3,73,33,5,22,81.5
201,377,53.3,37.7,2267,6.0,226.7,13,20,111,29.4,75,26,6,24,61.0
178,321,55.5,29.2,2015,6.3,183.2,8,18,100,31.2,52,25,4,23,59.4
152,259,58.7,21.6,1879,7.3,156.6,10,7,91,35.1,66,21,4,9,82.8
158,290,54.5,29.0,1855,6.4,185.5,10,18,89,30.7,42,25,2,20,59.8
140,247,56.7,27.4,1469,5.9,163.2,5,6,78,31.6,50,16,2,14,70.7
127,227,55.9,22.7,1422,6.3,142.2,9,10,63,27.8,98,15,4,21,69.7
136,256,53.1,25.6,1339,5.2,133.9,8,7,73,28.5,59,12,3,19,67.2
120,246,48.8,20.5,1287,5.2,107.2,3,11,58,23.6,86,10,2,33,50.0
119,216,55.1,30.9,1225,5.7,175.0,6,8,63,29.2,69,11,4,6,65.5
110,183,60.1,22.9,1169,6.4,146.1,6,7,53,29.0,46,14,2,23,73.8
85,138,61.6,19.7,1053,7.6,150.4,8,2,52,37.7,66,14,6,9,98.5
82,150,54.7,21.4,1007,6.7,143.9,6,3,44,29.3,75,12,2,11,80.6
89,157,56.7,19.6,945,6.0,118.1,3,6,45,28.7,38,8,0,14,64.8
87,155,56.1,25.8,943,6.1,157.2,5,2,39,25.2,61,9,2,18,79.6
98,176,55.7,25.1,899,5.1,128.4,3,6,50,28.4,35,10,0,17,61.2
81,182,44.5,22.8,888,4.9,111.0,3,10,43,23.6,43,13,1,11,42.1
69,119,58.0,19.8,781,6.6,130.2,4,3,40,33.6,50,8,1,8,78.4
62,96,64.6,19.2,741,7.7,148.2,4,3,31,32.3,71,8,3,3,88.9
78,120,65.0,9.2,700,5.8,53.8,3,2,37,30.8,39,6,0,9,81.9
63,125,50.4,20.8,685,5.5,114.2,4,8,32,25.6,35,8,0,11,50.9
58,107,54.2,35.7,594,5.6,198.0,4,3,27,25.2,47,7,2,2,71.2
53,87,60.9,29.0,581,6.7,193.7,1,4,29,33.3,33,8,0,5,65.3
73,119,61.3,29.8,566,4.8,141.5,3,9,30,25.2,25,5,0,13,49.9
51,77,66.2,9.6,435,5.6,54.4,0,3,22,28.6,28,7,0,2,64.6
51,74,68.9,24.7,413,5.6,137.7,1,2,27,36.5,21,3,0,6,76.0
26,51,51.0,17.0,259,5.1,86.3,0,6,12,23.5,30,5,0,5,26.1
413,635,65.0,39.7,5069,8.0,316.8,34,17,232,36.5,84,66,16,13,96.2
401,598,67.1,37.4,4583,7.7,286.4,30,14,220,36.8,79,50,12,26,96.9
384,616,62.3,38.5,4526,7.3,282.9,25,18,222,36.0,93,55,7,11,86.0
341,536,63.6,33.5,4038,7.5,252.4,28,13,182,34.0,71,48,16,34,93.8
312,478,65.3,29.9,4009,8.4,250.6,34,11,191,40.0,67,48,12,25,105.5
371,555,66.8,34.7,4002,7.2,250.1,27,12,210,37.8,75,40,7,14,95.0
345,571,60.4,35.7,3916,6.9,244.8,23,11,196,34.3,90,52,11,23,86.4
327,516,63.4,32.2,3693,7.2,230.8,21,11,182,35.3,76,37,6,47,89.4
321,476,67.4,29.8,3653,7.7,228.3,19,7,180,37.8,80,38,8,24,97.4
335,535,62.6,33.4,3620,6.8,226.2,15,13,183,34.2,41,42,1,42,81.7
343,522,65.7,32.6,3472,6.7,217.0,22,22,184,35.2,56,40,7,30,81.0
276,450,61.3,34.6,3448,7.7,265.2,26,14,150,33.3,75,48,11,20,91.4
265,434,61.1,27.1,3440,7.9,215.0,16,11,157,36.2,70,45,9,17,87.7
281,469,59.9,29.3,3301,7.0,206.3,17,15,162,34.5,65,35,7,46,80.1
246,414,59.4,25.9,3288,7.9,205.5,15,12,152,36.7,65,45,9,20,84.7
315,506,62.3,31.6,3245,6.4,202.8,13,6,162,32.0,67,34,3,38,84.3
289,479,60.3,29.9,3238,6.8,202.4,21,10,169,35.3,48,32,4,27,86.4
251,380,66.1,34.5,3043,8.0,276.6,15,10,146,38.4,65,42,8,23,92.7
272,465,58.5,31.0,2972,6.4,198.1,18,12,141,30.3,65,34,3,27,79.6
257,428,60.0,26.8,2971,6.9,185.7,14,12,143,33.4,70,37,10,32,80.3
251,440,57.0,29.3,2720,6.2,181.3,11,13,121,27.5,80,33,7,38,71.4
244,376,64.9,31.3,2712,7.2,226.0,12,6,125,33.2,71,33,5,23,90.2
245,374,65.5,26.7,2699,7.2,192.8,11,10,132,35.3,65,35,5,23,85.4
242,415,58.3,25.9,2676,6.4,167.2,12,7,133,32.0,56,33,4,8,80.2
230,420,54.8,30.0,2608,6.2,186.3,18,12,127,30.2,75,28,4,26,76.0
198,368,53.8,24.5,2423,6.6,161.5,13,8,111,30.2,84,38,5,31,77.1
178,301,59.1,27.4,2157,7.2,196.1,12,15,101,33.6,99,24,8,29,73.7
181,288,62.8,32.0,2046,7.1,227.3,13,8,99,34.4,48,27,3,23,87.5
221,372,59.4,28.6,1905,5.1,146.5,8,9,100,26.9,79,14,2,38,70.0
128,220,58.2,24.4,1678,7.6,186.4,8,11,77,35.0,63,28,3,32,73.6
143,255,56.1,25.5,1616,6.3,161.6,8,8,73,28.6,96,20,2,14,72.6
142,283,50.2,28.3,1615,5.7,161.5,9,8,82,29.0,70,16,5,14,66.5
141,242,58.3,24.2,1532,6.3,153.2,11,3,72,29.8,90,15,5,14,87.0
116,174,66.7,29.0,1431,8.2,238.5,6,10,64,36.8,61,18,4,9,79.5
109,209,52.2,29.9,1216,5.8,173.7,5,10,65,31.1,34,14,0,19,57.8
110,184,59.8,36.8,1073,5.8,214.6,5,7,58,31.5,38,9,0,9,69.4
88,149,59.1,16.6,1056,7.1,117.3,9,2,48,32.2,59,16,4,14,95.4
60,115,52.2,23.0,786,6.8,157.2,4,6,30,26.1,70,11,3,14,63.9
68,120,56.7,30.0,758,6.3,189.5,5,5,33,27.5,47,9,1,15,72.2
75,129,58.1,32.2,731,5.7,182.8,3,4,41,31.8,36,7,0,11,69.0
63,104,60.6,20.8,584,5.6,116.8,2,5,34,32.7,87,3,1,15,62.3
38,72,52.8,24.0,525,7.3,175.0,0,6,19,26.4,53,8,1,6,41.7
45,89,50.6,29.7,518,5.8,172.7,2,2,24,27.0,42,5,1,1,66.6
50,81,61.7,16.2,477,5.9,95.4,2,4,20,24.7,68,3,1,9,65.7
41,78,52.6,4.9,427,5.5,26.7,2,5,16,20.5,36,4,0,8,50.5
43,91,47.3,22.8,370,4.1,92.5,0,7,19,20.9,28,5,0,5,26.4
21,36,58.3,7.2,303,8.4,60.6,2,0,17,47.2,50,4,1,3,104.3
15,29,51.7,7.2,264,9.1,66.0,1,1,10,34.5,78,4,1,2,80.2
32,62,51.6,15.5,257,4.1,64.2,2,2,12,19.4,29,1,0,2,59.7
22,36,61.1,12.0,219,6.1,73.0,1,2,9,25.0,54,3,1,3,64.5
398,578,68.9,36.1,4806,8.3,300.4,50,8,240,41.5,69,56,15,21,117.2
440,652,67.5,40.8,4423,6.8,276.4,28,18,232,35.6,58,47,8,16,89.4
335,520,64.4,32.5,4211,8.1,263.2,36,19,215,41.3,59,55,11,24,97.4
356,535,66.5,33.4,4155,7.8,259.7,28,15,197,36.8,82,49,16,15,95.7
373,575,64.9,35.9,4131,7.2,258.2,26,20,213,37.0,70,51,8,17,86.7
355,561,63.3,35.1,4068,7.3,254.2,18,20,196,34.9,91,45,7,51,80.9
337,515,65.4,32.2,4040,7.8,252.5,31,14,205,39.8,73,53,9,21,98.0
352,562,62.6,35.1,3966,7.1,247.9,28,12,204,36.3,65,48,7,33,91.4
298,527,56.5,32.9,3787,7.2,236.7,29,19,187,35.5,78,53,6,14,82.5
297,467,63.6,29.2,3497,7.5,218.6,20,14,175,37.5,68,41,7,27,88.1
281,451,62.3,32.2,3417,7.6,244.1,27,17,167,37.0,62,44,5,20,89.8
297,529,56.1,33.1,3336,6.3,208.5,23,20,165,31.2,60,36,6,27,73.9
291,473,61.5,33.8,3324,7.0,237.4,19,7,152,32.1,75,35,10,44,89.9
264,404,65.3,26.9,3154,7.8,210.3,32,11,168,41.6,83,39,6,47,104.1
277,460,60.2,28.8,3152,6.9,197.0,21,15,157,34.1,49,44,4,22,82.4
250,417,60.0,32.1,2700,6.5,207.7,12,11,148,35.5,54,30,4,21,77.6
238,382,62.3,25.5,2546,6.7,169.7,9,17,141,36.9,73,24,5,25,71.1
208,325,64.0,27.1,2509,7.7,209.1,18,3,126,38.8,59,34,5,21,102.2
209,327,63.9,25.2,2440,7.5,187.7,13,4,112,34.3,69,29,8,19,94.6
221,378,58.5,31.5,2392,6.3,199.3,11,15,129,34.1,40,29,1,37,70.3
206,332,62.0,30.2,2257,6.8,205.2,11,13,111,33.4,58,30,2,36,76.8
192,289,66.4,26.3,2241,7.8,203.7,9,9,97,33.6,77,23,6,16,87.2
215,348,61.8,29.0,2215,6.4,184.6,7,8,100,28.7,69,26,2,32,77.2
171,294,58.2,24.5,1911,6.5,159.2,9,12,95,32.3,71,15,4,19,70.8
161,262,61.5,37.4,1803,6.9,257.6,10,12,82,31.3,81,21,2,15,75.6
173,309,56.0,34.3,1773,5.7,197.0,6,6,87,28.2,64,19,2,25,71.0
179,260,68.8,28.9,1765,6.8,196.1,10,9,90,34.6,57,19,3,26,86.1
168,275,61.1,22.9,1743,6.3,145.2,9,10,90,32.7,53,19,4,24,75.2
154,240,64.2,26.7,1684,7.0,187.1,15,12,93,38.8,53,17,4,6,84.8
151,269,56.1,26.9,1630,6.1,163.0,7,8,81,30.1,70,21,4,12,70.4
130,250,52.0,25.0,1529,6.1,152.9,5,10,82,32.8,56,18,4,27,60.9
122,225,54.2,28.1,1411,6.3,176.4,4,7,66,29.3,59,20,5,25,66.4
108,186,58.1,26.6,1331,7.2,190.1,5,5,60,32.3,59,17,3,21,78.0
127,224,56.7,24.9,1227,5.5,136.3,6,6,58,25.9,35,9,0,17,69.9
111,175,63.4,21.9,1204,6.9,150.5,4,6,59,33.7,85,12,2,14,76.9
113,219,51.6,31.3,1166,5.3,166.6,7,12,62,28.3,57,15,3,27,55.1
111,190,58.4,21.1,1151,6.1,127.9,10,11,54,28.4,46,12,3,14,69.4
133,205,64.9,34.2,1113,5.4,185.5,2,4,60,29.3,30,3,0,11,73.9
89,149,59.7,21.3,1079,7.2,154.1,10,5,48,32.2,74,14,4,9,90.4
94,167,56.3,20.9,1014,6.1,126.8,7,12,55,32.9,38,12,0,11,58.3
94,139,67.6,27.8,1009,7.3,201.8,5,3,45,32.4,60,11,3,15,91.7
85,141,60.3,28.2,987,7.0,197.4,5,7,51,36.2,43,14,1,7,72.6
80,144,55.6,18.0,986,6.8,123.2,10,5,54,37.5,80,10,3,10,85.6
94,172,54.7,24.6,952,5.5,136.0,5,6,46,26.7,65,12,3,9,65.8
94,193,48.7,27.6,914,4.7,130.6,2,4,47,24.4,45,11,1,17,57.2
67,105,63.8,26.2,888,8.5,222.0,5,0,42,40.0,54,13,2,7,106.4
63,111,56.8,12.3,730,6.6,81.1,3,5,37,33.3,57,7,4,6,67.0
59,103,57.3,34.3,681,6.6,227.0,5,8,34,33.0,47,8,1,3,61.2
60,112,53.6,22.4,647,5.8,129.4,2,4,33,29.5,40,6,1,4,61.9
73,136,53.7,22.7,635,4.7,105.8,3,5,32,23.5,38,4,0,13,58.3
356,554,64.3,34.6,4418,8.0,276.1,26,11,201,36.3,86,61,18,18,96.2
362,557,65.0,34.8,4397,7.9,274.8,31,9,241,43.3,68,53,7,14,101.0
370,588,62.9,36.8,4301,7.3,268.8,24,8,211,35.9,67,60,10,49,92.9
372,596,62.4,37.2,4208,7.1,263.0,21,22,208,34.9,60,59,3,63,79.9
324,520,62.3,32.5,4035,7.8,252.2,28,13,199,38.3,74,52,15,36,93.9
343,613,56.0,38.3,3885,6.3,242.8,18,18,182,29.7,82,49,8,21,72.7
319,516,61.8,32.2,3529,6.8,220.6,24,12,176,34.1,62,46,8,26,87.9
280,469,59.7,31.3,3513,7.5,234.2,18,23,178,38.0,67,42,7,46,75.4
284,460,61.7,28.8,3388,7.4,211.8,22,9,167,36.3,57,41,5,27,92.0
313,485,64.5,30.3,3352,6.9,209.5,17,16,161,33.2,71,38,9,30,82.6
301,522,57.7,32.6,3244,6.2,202.8,24,18,163,31.2,55,33,8,25,77.0
262,480,54.6,30.0,3193,6.7,199.6,23,20,150,31.3,62,47,8,21,73.9
268,429,62.5,26.8,3051,7.1,190.7,19,14,132,30.8,83,35,10,47,84.9
295,468,63.0,29.2,3050,6.5,190.6,16,12,159,34.0,87,33,3,14,82.5
220,337,65.3,21.1,2903,8.6,181.4,19,13,143,42.4,56,42,9,21,95.1
257,442,58.1,27.6,2890,6.5,180.6,16,16,132,29.9,75,34,8,35,74.8
263,431,61.0,33.2,2805,6.5,215.8,17,11,128,29.7,72,30,7,22,82.6
302,442,68.3,27.6,2767,6.3,172.9,11,12,141,31.9,53,25,3,41,82.1
270,439,61.5,29.3,2750,6.3,183.3,9,15,132,30.1,46,36,4,29,72.0
180,316,57.0,31.6,2647,8.4,264.7,18,6,113,35.8,87,44,14,21,95.5
214,377,56.8,31.4,2547,6.8,212.2,11,12,124,32.9,58,35,6,21,74.0
204,388,52.6,24.2,2474,6.4,154.6,20,13,123,31.7,55,30,8,45,75.7
252,393,64.1,30.2,2454,6.2,188.8,10,17,116,29.5,75,24,6,44,72.0
210,371,56.6,30.9,2442,6.6,203.5,18,15,125,33.7,72,30,5,34,76.0
223,388,57.5,35.3,2236,5.8,203.3,12,15,113,29.1,48,21,5,15,68.2
184,357,51.5,23.8,2199,6.2,146.6,12,13,107,30.0,53,33,1,25,66.7
175,317,55.2,19.8,1994,6.3,124.6,11,13,103,32.5,83,24,4,18,68.8
148,244,60.7,24.4,1878,7.7,187.8,11,1,106,43.4,78,23,5,16,98.0
162,260,62.3,26.0,1789,6.9,178.9,8,4,80,30.8,74,24,5,12,86.5
145,241,60.2,21.9,1735,7.2,157.7,10,9,81,33.6,49,24,2,20,80.5
147,276,53.3,23.0,1677,6.1,139.8,3,13,80,29.0,51,18,1,46,55.8
177,328,54.0,25.2,1661,5.1,127.8,9,9,79,24.1,53,16,3,25,65.9
108,168,64.3,28.0,1377,8.2,229.5,6,5,63,37.5,64,15,5,14,89.3
121,198,61.1,24.8,1342,6.8,167.8,7,9,76,38.4,39,13,0,24,74.1
116,188,61.7,23.5,1309,7.0,163.6,10,2,61,32.4,65,16,4,6,95.8
110,207,53.1,29.6,1297,6.3,185.3,10,6,68,32.9,66,13,3,7,76.5
90,169,53.3,28.2,1164,6.9,194.0,7,8,54,32.0,51,14,3,16,69.2
108,183,59.0,30.5,1159,6.3,193.2,7,5,58,31.7,51,13,3,9,79.0
110,192,57.3,24.0,1105,5.8,138.1,3,8,60,31.3,57,9,1,26,61.7
81,137,59.1,27.4,1001,7.3,200.2,9,5,48,35.0,71,10,2,13,88.5
81,134,60.4,33.5,929,6.9,232.2,2,3,44,32.8,52,11,1,21,77.0
82,141,58.2,17.6,927,6.6,115.9,8,7,42,29.8,49,11,2,14,76.2
66,117,56.4,23.4,793,6.8,158.6,5,8,37,31.6,54,8,2,8,63.1
61,101,60.4,25.2,748,7.4,187.0,4,2,26,25.7,64,8,3,4,88.2
56,96,58.3,32.0,625,6.5,208.3,2,4,26,27.1,38,7,0,10,67.4
58,106,54.7,35.3,585,5.5,195.0,1,7,28,26.4,55,6,1,4,46.3
42,90,46.7,22.5,549,6.1,137.2,1,6,26,28.9,36,9,0,4,42.3
31,53,58.5,6.6,492,9.3,61.5,5,0,22,41.5,87,6,3,3,121.0
33,55,60.0,11.0,485,8.8,97.0,5,2,20,36.4,77,5,3,3,104.0
47,81,58.0,20.2,475,5.9,118.8,2,4,19,23.5,50,7,1,8,62.5
334,530,63.0,33.1,4110,7.8,256.9,26,14,193,36.4,71,59,9,26,92.3
317,507,62.5,31.7,4014,7.9,250.9,17,10,182,35.9,60,51,11,32,90.1
372,607,61.3,37.9,3881,6.4,242.6,20,29,202,33.3,59,40,7,24,70.9
345,509,67.8,31.8,3836,7.5,239.8,32,12,197,38.7,70,43,9,19,101.1
294,557,52.8,34.8,3762,6.8,235.1,24,17,172,30.9,78,49,8,28,75.9
302,565,53.5,37.7,3759,6.7,250.6,20,12,181,32.0,79,49,6,39,77.3
305,453,67.3,28.3,3747,8.3,234.2,28,10,197,43.5,80,45,6,17,104.1
300,499,60.1,31.2,3639,7.3,227.4,23,17,177,35.5,71,42,9,49,83.7
323,500,64.6,31.2,3576,7.2,223.5,24,15,182,36.4,54,46,4,27,89.2
294,449,65.5,28.1,3459,7.7,216.2,24,9,182,40.5,56,41,7,24,98.2
262,435,60.2,27.2,3421,7.9,213.8,24,16,153,35.2,80,44,13,28,88.1
277,456,60.7,28.5,3366,7.4,210.4,18,7,162,35.5,72,44,8,22,90.2
292,476,61.3,34.0,3161,6.6,225.8,16,11,164,34.5,57,29,7,20,82.4
262,454,57.7,28.4,3050,6.7,190.6,23,10,154,33.9,78,36,9,27,85.9
257,494,52.0,30.9,2996,6.1,187.2,18,13,142,28.7,60,39,8,26,71.9
240,431,55.7,33.2,2882,6.7,221.7,13,17,145,33.6,66,38,4,33,70.0
242,375,64.5,37.5,2713,7.2,271.3,11,9,134,35.7,63,37,4,23,85.8
211,357,59.1,39.7,2507,7.0,278.6,16,9,116,32.5,91,27,6,19,85.0
256,423,60.5,26.4,2488,5.9,155.5,14,11,135,31.9,53,18,2,68,77.2
214,387,55.3,25.8,2412,6.2,160.8,15,13,126,32.6,58,27,3,33,73.1
168,268,62.7,22.3,2385,8.9,198.8,17,9,111,41.4,85,35,12,23,98.6
199,333,59.8,30.3,2321,7.0,211.0,11,12,101,30.3,80,26,7,23,76.9
192,287,66.9,35.9,2297,8.0,287.1,14,9,109,38.0,57,25,3,26,94.4
175,302,57.9,27.5,2123,7.0,193.0,15,5,101,33.4,45,31,5,23,89.3
191,313,61.0,28.5,2035,6.5,185.0,10,7,107,34.2,78,21,3,29,81.4
188,330,57.0,27.5,2021,6.1,168.4,12,12,101,30.6,86,23,6,24,72.0
184,294,62.6,19.6,1885,6.4,125.7,12,4,92,31.3,80,15,6,23,88.9
190,368,51.6,24.5,1869,5.1,124.6,9,13,92,25.0,54,23,3,30,59.7
163,270,60.4,30.0,1836,6.8,204.0,9,11,84,31.1,49,23,6,18,74.9
171,293,58.4,32.6,1799,6.1,199.9,11,12,86,29.4,47,20,1,23,71.8
164,266,61.7,29.6,1582,5.9,175.8,6,9,77,28.9,48,19,1,19,71.7
139,216,64.4,30.9,1564,7.2,223.4,6,12,77,35.6,68,16,2,31,72.0
150,266,56.4,24.2,1558,5.9,141.6,7,6,76,28.6,60,16,4,32,72.9
155,230,67.4,23.0,1509,6.6,150.9,10,8,74,32.2,65,14,3,17,85.6
113,228,49.6,25.3,1340,5.9,148.9,8,8,55,24.1,58,15,6,26,64.9
124,177,70.1,22.1,1277,7.2,159.6,5,7,60,33.9,83,12,3,11,83.5
94,207,45.4,23.0,1158,5.6,128.7,5,8,56,27.1,48,21,2,19,55.2
112,174,64.4,29.0,1136,6.5,189.3,7,7,54,31.0,80,13,3,12,79.6
98,168,58.3,24.0,1117,6.6,159.6,4,1,63,37.5,37,10,0,8,83.9
98,164,59.8,23.4,1002,6.1,143.1,4,5,48,29.3,45,12,1,22,72.8
102,173,59.0,28.8,937,5.4,156.2,3,6,45,26.0,49,11,2,6,65.1
84,165,50.9,18.3,875,5.3,97.2,1,11,37,22.4,47,13,2,29,40.8
76,135,56.3,33.8,777,5.8,194.2,4,8,40,29.6,56,4,2,9,58.2
60,106,56.6,17.7,777,7.3,129.5,1,6,35,33.0,47,9,1,12,59.4
68,122,55.7,7.6,722,5.9,45.1,2,7,37,30.3,43,9,1,8,54.7
49,83,59.0,27.7,530,6.4,176.7,2,3,30,36.1,37,7,0,9,70.9
33,64,51.6,4.0,495,7.7,30.9,4,0,23,35.9,53,6,2,6,98.1
48,90,53.3,30.0,481,5.3,160.3,2,2,22,24.4,44,5,1,6,66.9
50,88,56.8,14.7,474,5.4,79.0,4,2,21,23.9,55,4,1,9,77.6
34,61,55.7,15.2,462,7.6,115.5,4,3,17,27.9,77,5,3,0,81.5
379,548,69.2,34.2,4717,8.6,294.8,39,11,224,40.9,82,63,18,46,110.9
369,556,66.4,34.8,4591,8.3,286.9,27,17,227,40.8,70,59,9,32,95.2
336,497,67.6,31.1,4557,9.2,284.8,49,10,232,46.7,80,68,13,13,121.1
303,521,58.2,32.6,4089,7.8,255.6,27,20,184,35.3,85,55,9,15,84.5
346,540,64.1,33.8,4088,7.6,255.5,30,17,202,37.4,79,50,12,12,92.4
321,485,66.2,34.6,3964,8.2,283.1,21,14,180,37.1,56,56,6,41,93.7
310,533,58.2,33.3,3886,7.3,242.9,29,15,192,36.0,63,60,8,33,87.3
300,469,64.0,31.3,3875,8.3,258.3,31,8,175,37.3,80,50,20,32,104.7
309,542,57.0,33.9,3810,7.0,238.1,21,16,177,32.7,57,57,5,41,79.5
288,474,60.8,29.6,3692,7.8,230.8,28,14,188,39.7,50,52,10,26,92.6
297,495,60.0,30.9,3532,7.1,220.8,17,20,163,32.9,53,47,4,34,76.4
285,466,61.2,29.1,3531,7.6,220.7,16,14,173,37.1,69,47,6,49,83.5
289,513,56.3,36.6,3495,6.8,249.6,21,20,153,29.8,63,49,8,25,74.8
279,474,58.9,33.9,3382,7.1,241.6,22,15,177,37.3,60,43,2,30,83.1
262,400,65.5,26.7,3159,7.9,210.6,27,7,141,35.3,79,40,9,18,104.8
274,489,56.0,30.6,3047,6.2,190.4,19,12,138,28.2,62,43,4,36,77.5
267,441,60.5,31.5,2941,6.7,210.1,15,10,140,31.7,65,33,7,25,82.2
256,450,56.9,28.1,2932,6.5,183.2,20,16,144,32.0,69,31,9,37,76.6
263,432,60.9,33.2,2897,6.7,222.8,18,18,140,32.4,76,34,8,25,77.3
242,370,65.4,28.5,2673,7.2,205.6,16,9,136,36.8,48,33,6,18,91.0
233,336,69.3,30.5,2632,7.8,239.3,20,12,126,37.5,68,35,6,26,97.5
196,295,66.4,21.1,2621,8.9,187.2,17,11,130,44.1,58,43,7,30,98.1
258,464,55.6,29.0,2559,5.5,159.9,13,11,135,29.1,57,28,4,35,70.9
233,408,57.1,29.1,2511,6.2,179.4,11,10,122,29.9,48,30,3,31,74.1
218,357,61.1,35.7,2486,7.0,248.6,18,10,120,33.6,48,34,5,30,87.1
181,321,56.4,21.4,2313,7.2,154.2,14,12,103,32.1,62,35,8,46,78.1
198,325,60.9,36.1,2169,6.7,241.0,10,10,108,33.2,65,19,2,37,78.1
174,277,62.8,27.7,2054,7.4,205.4,6,4,93,33.6,62,24,6,39,86.5
191,356,53.7,32.4,1893,5.3,172.1,11,15,101,28.4,38,15,0,23,61.7
144,252,57.1,22.9,1731,6.9,157.4,10,9,71,28.2,99,18,8,24,76.7
169,272,62.1,30.2,1665,6.1,185.0,10,11,89,32.7,51,17,2,23,74.8
129,215,60.0,26.9,1343,6.2,167.9,8,9,76,35.3,37,10,0,13,73.1
123,226,54.4,28.2,1231,5.4,153.9,6,9,60,26.5,59,9,1,13,62.4
118,237,49.8,26.3,1194,5.0,132.7,7,6,66,27.8,49,10,3,15,63.9
101,190,53.2,23.8,1186,6.2,148.2,7,8,54,28.4,71,19,3,25,67.1
95,197,48.2,21.9,1043,5.3,115.9,6,9,50,25.4,52,11,4,13,55.4
92,161,57.1,32.2,903,5.6,180.6,4,3,43,26.7,63,8,2,23,73.6
59,87,67.8,21.8,737,8.5,184.2,7,5,35,40.2,55,10,2,5,96.8
59,127,46.5,21.2,718,5.7,119.7,3,6,32,25.2,49,13,2,23,52.5
65,103,63.1,25.8,674,6.5,168.5,3,3,28,27.2,54,9,3,8,79.5
61,104,58.7,26.0,623,6.0,155.8,5,4,32,30.8,30,8,0,6,75.9
48,98,49.0,19.6,608,6.2,121.6,4,7,19,19.4,58,8,4,12,52.6
47,84,56.0,28.0,607,7.2,202.3,1,3,28,33.3,40,8,1,5,67.9
41,68,60.3,22.7,524,7.7,174.7,3,2,23,33.8,58,6,3,5,86.9
47,84,56.0,28.0,502,6.0,167.3,1,4,23,27.4,40,6,1,6,57.7
35,58,60.3,8.3,498,8.6,71.1,3,1,25,43.1,69,4,3,12,98.2
42,73,57.5,14.6,467,6.4,93.4,1,3,21,28.8,75,6,1,10,64.1
35,62,56.5,12.4,463,7.5,92.6,2,8,15,24.2,75,8,2,7,51.4
51,98,52.0,19.6,413,4.2,82.6,1,3,18,18.4,32,4,0,15,53.7
38,72,52.8,18.0,374,5.2,93.5,2,1,21,29.2,36,2,0,6,71.2
379,566,67.0,35.4,4267,7.5,266.7,29,10,210,37.1,79,45,9,18,99.0
330,523,63.1,32.7,4039,7.7,252.4,24,12,198,37.9,67,54,8,20,92.6
336,532,63.2,35.5,3845,7.2,256.3,22,22,193,36.3,48,59,5,37,81.4
313,513,61.0,32.1,3841,7.5,240.1,26,15,187,36.5,80,54,5,42,88.8
354,570,62.1,35.6,3811,6.7,238.2,26,21,184,32.3,76,37,9,20,81.5
317,527,60.2,32.9,3620,6.9,226.2,23,12,175,33.2,82,44,8,32,85.9
324,520,62.3,32.5,3591,6.9,224.4,26,15,181,34.8,82,37,11,37,87.4
306,518,59.1,32.4,3546,6.8,221.6,24,8,172,33.2,76,36,7,34,88.8
295,454,65.0,32.4,3479,7.7,248.5,25,11,169,37.2,59,41,10,37,96.4
298,519,57.4,32.4,3414,6.6,213.4,18,17,171,32.9,53,44,4,41,75.3
308,471,65.4,29.4,3361,7.1,210.1,32,21,166,35.2,66,42,7,19,90.4
292,505,57.8,31.6,3302,6.5,206.4,17,21,148,29.3,64,48,7,37,71.4
266,449,59.2,28.1,3219,7.2,201.2,19,16,146,32.5,67,46,9,23,80.6
275,478,57.5,29.9,3216,6.7,201.0,16,11,152,31.8,59,44,9,43,79.6
250,400,62.5,28.6,3215,8.0,229.6,24,7,164,41.0,73,46,11,19,100.4
284,500,56.8,38.5,3110,6.2,239.2,13,16,159,31.8,77,29,7,28,70.7
309,554,55.8,34.6,2880,5.2,180.0,17,22,147,26.5,72,24,3,9,63.9
274,471,58.2,29.4,2860,6.1,178.8,11,12,142,30.1,54,28,2,49,73.0
239,418,57.2,27.9,2819,6.7,187.9,14,16,135,32.3,84,33,7,19,73.0
225,392,57.4,30.2,2704,6.9,208.0,18,13,131,33.4,75,35,6,21,80.1
208,367,56.7,28.2,2247,6.1,172.8,13,15,96,26.2,71,27,6,19,69.6
189,302,62.6,27.5,2182,7.2,198.4,15,7,114,37.7,60,26,5,14,91.2
179,337,53.1,30.6,2166,6.4,196.9,14,9,98,29.1,64,34,3,30,75.8
189,297,63.6,29.7,2139,7.2,213.9,13,12,116,39.1,65,26,6,25,82.9
179,314,57.0,26.2,2138,6.8,178.2,11,13,107,34.1,59,35,2,19,72.4
205,356,57.6,32.4,2108,5.9,191.6,11,15,95,26.7,68,28,5,21,67.5
167,295,56.6,24.6,2013,6.8,167.8,9,13,86,29.2,78,22,5,15,69.5
193,302,63.9,30.2,1797,6.0,179.7,10,12,94,31.1,68,12,1,21,74.6
136,243,56.0,24.3,1655,6.8,165.5,8,12,72,29.6,86,22,7,19,67.5
126,251,50.2,27.9,1418,5.6,157.6,7,12,69,27.5,61,19,4,25,56.8
123,198,62.1,28.3,1385,7.0,197.9,7,2,65,32.8,61,18,2,6,90.6
120,203,59.1,20.3,1319,6.5,131.9,7,6,59,29.1,71,13,5,19,77.6
125,225,55.6,32.1,1274,5.7,182.0,6,4,54,24.0,46,15,1,17,73.5
116,221,52.5,24.6,1267,5.7,140.8,3,5,64,29.0,47,18,1,22,64.8
116,224,51.8,20.4,1260,5.6,114.5,7,9,62,27.7,73,18,3,17,62.4
94,178,52.8,25.4,1199,6.7,171.3,9,8,55,30.9,64,16,5,19,72.3
91,167,54.5,23.9,1097,6.6,156.7,9,4,50,29.9,73,16,1,8,82.8
107,192,55.7,24.0,1050,5.5,131.2,3,7,51,26.6,37,11,0,14,61.3
95,166,57.2,20.8,1018,6.1,127.2,5,6,51,30.7,60,11,2,25,70.3
95,177,53.7,25.3,1012,5.7,144.6,5,7,53,29.9,40,10,1,9,63.6
73,118,61.9,10.7,856,7.3,77.8,7,2,41,34.7,61,11,1,7,96.6
74,130,56.9,26.0,813,6.3,162.6,5,6,36,27.7,80,7,3,12,69.2
61,102,59.8,14.6,693,6.8,99.0,5,3,34,33.3,46,9,2,13,84.3
38,65,58.5,4.1,690,10.6,43.1,7,2,25,38.5,72,11,5,5,118.1
50,100,50.0,20.0,585,5.9,117.0,4,3,32,32.0,49,7,2,9,69.0
44,69,63.8,9.9,545,7.9,77.9,4,1,31,44.9,50,5,1,6,101.4
60,116,51.7,19.3,532,4.6,88.7,3,4,25,21.6,40,6,1,16,58.5
54,82,65.9,27.3,484,5.9,161.3,2,0,22,26.8,65,4,1,9,89.7
53,103,51.5,20.6,442,4.3,88.4,2,5,26,25.2,26,3,0,2,49.1
38,72,52.8,24.0,437,6.1,145.7,2,1,23,31.9,59,7,1,4,74.8
418,618,67.6,38.6,4689,7.6,293.1,26,10,226,36.6,75,48,8,36,97.3
375,610,61.5,38.1,4359,7.1,272.4,24,15,218,35.7,73,45,13,54,86.0
392,591,66.3,36.9,4200,7.1,262.5,27,19,213,36.0,69,51,11,23,88.8
335,545,61.5,34.1,4073,7.5,254.6,19,14,193,35.4,82,61,4,24,85.4
333,549,60.7,34.3,3853,7.0,240.8,18,23,188,34.2,61,48,9,47,75.3
373,601,62.1,37.6,3764,6.3,235.2,28,14,184,30.6,49,37,3,31,85.7
287,470,61.1,29.4,3690,7.9,230.6,26,13,176,37.4,99,46,13,26,92.6
341,551,61.9,34.4,3658,6.6,228.6,27,16,189,34.3,85,39,7,26,85.6
283,528,53.6,33.0,3572,6.8,223.2,27,15,165,31.3,64,47,12,36,80.1
301,492,61.2,30.8,3387,6.9,211.7,22,15,178,36.2,55,35,6,21,84.0
328,528,62.1,33.0,3344,6.3,209.0,21,10,171,32.4,76,31,7,17,85.6
320,526,60.8,32.9,3284,6.2,205.2,17,16,163,31.0,52,40,4,24,76.9
291,436,66.7,33.5,3214,7.4,247.2,15,15,156,35.8,82,30,7,34,85.6
294,473,62.2,33.8,3178,6.7,227.0,16,16,156,33.0,72,29,4,24,79.1
275,399,68.9,26.6,3120,7.8,208.0,22,6,167,41.9,47,40,3,22,104.2
267,419,63.7,26.2,3075,7.3,192.2,15,10,157,37.5,49,36,4,26,87.8
281,451,62.3,34.7,3049,6.8,234.5,22,6,142,31.5,76,32,6,21,92.9
284,530,53.6,33.1,2972,5.6,185.8,18,20,145,27.4,80,29,3,36,65.7
231,421,54.9,28.1,2936,7.0,195.7,16,8,139,33.0,74,44,8,33,81.6
273,443,61.6,31.6,2842,6.4,203.0,18,18,128,28.9,78,35,8,30,76.8
234,377,62.1,25.1,2836,7.5,189.1,20,16,137,36.3,72,40,6,26,85.2
245,416,58.9,27.7,2788,6.7,185.9,17,7,140,33.7,79,28,6,34,85.7
223,381,58.5,27.2,2630,6.9,187.9,15,14,114,29.9,69,45,6,31,77.4
233,444,52.5,27.8,2592,5.8,162.0,9,15,117,26.4,81,31,5,76,62.8
215,429,50.1,30.6,2294,5.3,163.9,12,16,110,25.6,64,28,6,8,59.9
211,361,58.4,36.1,2289,6.3,228.9,17,6,108,29.9,59,27,3,28,86.0
165,295,55.9,26.8,2084,7.1,189.5,13,11,96,32.5,77,26,5,30,77.3
179,292,61.3,26.5,2024,6.9,184.0,14,9,108,37.0,59,25,3,13,85.2
180,314,57.3,31.4,1944,6.2,194.4,13,9,98,31.2,54,27,2,16,77.5
138,214,64.5,30.6,1826,8.5,260.9,14,6,86,40.2,58,26,6,12,101.5
127,250,50.8,27.8,1555,6.2,172.8,7,8,63,25.2,58,20,7,34,66.3
117,227,51.5,25.2,1539,6.8,171.0,9,8,67,29.5,62,19,5,18,71.8
125,221,56.6,31.6,1465,6.6,209.3,7,8,66,29.9,80,14,3,19,72.3
144,220,65.5,31.4,1431,6.5,204.4,3,11,66,30.0,43,15,1,21,67.4
124,237,52.3,29.6,1251,5.3,156.4,11,6,64,27.0,43,9,1,9,72.6
124,195,63.6,39.0,1216,6.2,243.2,7,10,67,34.4,33,15,0,10,71.7
94,168,56.0,28.0,1182,7.0,197.0,4,6,51,30.4,83,9,4,7,71.1
109,166,65.7,23.7,1155,7.0,165.0,6,6,60,36.1,64,10,2,7,82.8
92,160,57.5,22.9,1045,6.5,149.3,4,6,47,29.4,77,13,2,12,69.9
97,182,53.3,30.3,1034,5.7,172.3,7,3,49,26.9,36,14,0,11,76.1
103,161,64.0,17.9,1023,6.4,113.7,4,4,43,26.7,76,15,3,23,79.8
86,154,55.8,25.7,1011,6.6,168.5,6,5,44,28.6,53,15,3,7,75.4
68,117,58.1,14.6,925,7.9,115.6,6,5,43,36.8,52,13,3,12,82.7
62,147,42.2,18.4,874,5.9,109.2,7,9,40,27.2,49,12,4,12,52.4
64,106,60.4,26.5,790,7.5,197.5,8,4,42,39.6,44,11,2,5,92.9
58,92,63.0,13.1,719,7.8,102.7,3,6,33,35.9,40,8,1,11,70.9
57,88,64.8,14.7,536,6.1,89.3,1,2,26,29.5,23,4,0,19,75.8
54,83,65.1,16.6,499,6.0,99.8,3,3,23,27.7,35,4,0,9,78.3
37,57,64.9,9.5,448,7.9,74.7,2,3,24,42.1,63,4,1,3,78.7
44,85,51.8,21.2,437,5.1,109.2,1,5,24,28.2,51,2,1,10,46.1
375,546,68.7,34.1,4830,8.8,301.9,36,22,233,42.7,65,81,11,38,101.4
343,547,62.7,34.2,4131,7.6,258.2,26,23,201,36.7,86,55,11,29,84.1
314,510,61.6,31.9,3921,7.7,245.1,32,15,187,36.7,67,53,13,22,94.1
312,558,55.9,34.9,3832,6.9,239.5,26,22,183,32.8,63,55,13,50,76.4
361,549,65.8,34.3,3828,7.0,239.2,27,9,194,35.3,49,45,5,27,95.5
296,523,56.6,32.7,3783,7.2,236.4,17,24,176,33.7,67,51,12,39,71.1
327,568,57.6,35.5,3764,6.6,235.2,19,16,189,33.3,76,52,7,36,77.1
304,525,57.9,32.8,3653,7.0,228.3,18,14,177,33.7,68,52,11,29,79.6
316,504,62.7,31.5,3538,7.0,221.1,32,12,183,36.3,61,40,10,26,94.8
294,521,56.4,32.6,3464,6.6,216.5,15,18,166,31.9,78,43,4,25,72.0
340,559,60.8,34.9,3406,6.1,212.9,13,11,179,32.0,47,34,1,44,77.7
264,431,61.3,28.7,3350,7.8,223.3,21,12,159,36.9,71,51,10,37,90.2
289,473,61.1,31.5,3309,7.0,220.6,19,13,164,34.7,44,37,2,57,84.1
273,450,60.7,28.1,3290,7.3,205.6,20,19,152,33.8,74,41,7,27,80.3
285,493,57.8,30.8,3233,6.6,202.1,25,12,136,27.6,64,44,9,39,84.3
313,581,53.9,36.3,3216,5.5,201.0,12,22,171,29.4,49,32,2,25,61.1
266,442,60.2,27.6,3109,7.0,194.3,14,11,145,32.8,90,44,6,29,81.7
272,454,59.9,28.4,3040,6.7,190.0,17,21,134,29.5,78,39,7,51,73.1
265,467,56.7,33.4,3033,6.5,216.6,15,18,149,31.9,77,37,6,28,71.1
293,540,54.3,36.0,2931,5.4,195.4,11,19,137,25.4,48,31,4,26,62.0
223,365,61.1,26.1,2847,7.8,203.4,16,14,127,34.8,94,34,9,41,84.1
264,413,63.9,27.5,2843,6.9,189.5,18,12,143,34.6,91,32,6,41,86.5
275,451,61.0,30.1,2827,6.3,188.5,23,19,150,33.3,65,25,2,38,78.5
260,441,59.0,27.6,2752,6.2,172.0,15,14,144,32.7,40,38,1,18,75.3
235,366,64.2,33.3,2612,7.1,237.5,14,13,126,34.4,57,34,5,33,83.3
198,341,58.1,34.1,2392,7.0,239.2,12,12,107,31.4,76,37,5,33,76.8
198,370,53.5,24.7,2386,6.4,159.1,10,10,106,28.6,85,30,6,29,71.3
228,395,57.7,28.2,2299,5.8,164.2,13,10,106,26.8,66,27,7,11,74.9
178,307,58.0,25.6,2056,6.7,171.3,12,11,99,32.2,80,26,6,14,76.4
176,321,54.8,24.7,2023,6.3,155.6,7,8,91,28.3,64,26,4,38,70.9
134,216,62.0,27.0,1465,6.8,183.1,5,7,70,32.4,61,19,4,31,76.3
90,176,51.1,22.0,1072,6.1,134.0,5,7,46,26.1,64,14,6,12,63.0
73,122,59.8,20.3,1014,8.3,169.0,7,4,43,35.2,54,17,7,10,92.0
92,151,60.9,37.8,906,6.0,226.5,3,10,43,28.5,27,8,0,12,56.9
51,89,57.3,17.8,795,8.9,159.0,8,4,32,36.0,80,9,4,4,98.3
50,113,44.2,14.1,785,6.9,98.1,2,3,34,30.1,52,11,4,21,62.7
84,129,65.1,32.2,694,5.4,173.5,5,6,44,34.1,34,6,0,6,72.3
53,115,46.1,14.4,671,5.8,83.9,3,1,34,29.6,69,7,1,21,69.9
54,89,60.7,14.8,573,6.4,95.5,3,2,31,34.8,30,6,0,12,81.3
48,98,49.0,24.5,529,5.4,132.2,5,5,23,23.5,80,5,2,5,61.1
42,76,55.3,15.2,496,6.5,99.2,2,2,19,25.0,35,3,0,6,73.1
45,88,51.1,22.0,494,5.6,123.5,1,3,24,27.3,38,8,0,12,57.7
48,98,49.0,32.7,418,4.3,139.3,1,6,20,20.4,47,2,1,10,38.6
40,66,60.6,33.0,400,6.1,200.0,2,2,18,27.3,58,4,1,5,75.3
32,61,52.5,10.2,361,5.9,60.2,1,1,17,27.9,45,6,1,6,69.1
26,49,53.1,12.2,314,6.4,78.5,3,5,17,34.7,28,5,0,5,53.8
30,48,62.5,12.0,308,6.4,77.0,3,0,19,39.6,26,5,0,3,101.7
15,27,55.6,27.0,221,8.2,221.0,1,0,11,40.7,40,4,1,2,94.8
21,31,67.7,10.3,210,6.8,70.0,0,1,10,32.3,42,2,1,3,73.3
15,33,45.5,33.0,201,6.1,201.0,1,2,11,33.3,34,3,0,1,50.2
357,571,62.5,35.7,4413,7.7,275.8,33,15,213,37.3,78,51,8,20,94.7
355,561,63.3,35.1,4278,7.6,267.4,31,10,205,36.5,69,59,9,24,97.6
326,547,59.6,36.5,4169,7.6,277.9,28,14,197,36.0,81,55,7,29,89.9
297,474,62.7,29.6,3937,8.3,246.1,33,16,190,40.1,78,56,13,34,98.0
338,580,58.3,36.2,3812,6.6,238.2,20,16,193,33.3,67,41,7,33,78.0
328,590,55.6,36.9,3732,6.3,233.2,21,25,179,30.3,63,47,7,13,69.0
324,533,60.8,33.3,3730,7.0,233.1,19,18,195,36.6,54,47,2,62,79.7
311,512,60.7,32.0,3640,7.1,227.5,20,14,177,34.6,67,39,9,54,84.0
311,529,58.8,33.1,3610,6.8,225.6,22,13,195,36.9,59,46,7,28,83.1
284,473,60.0,29.6,3430,7.3,214.4,28,11,177,37.4,84,42,8,28,92.4
235,347,67.7,31.5,3429,9.9,311.7,21,18,153,44.1,85,49,14,20,98.3
330,569,58.0,35.6,3365,5.9,210.3,21,13,181,31.8,70,45,5,45,77.8
312,531,58.8,33.2,3291,6.2,205.7,17,13,164,30.9,59,33,4,45,77.3
270,475,56.8,33.9,2946,6.2,210.4,13,21,132,27.8,70,35,10,22,66.0
248,396,62.6,24.8,2847,7.2,177.9,15,13,141,35.6,56,31,5,24,83.2
233,428,54.4,26.8,2769,6.5,173.1,18,13,142,33.2,75,37,5,37,75.8
216,336,64.3,33.6,2688,8.0,268.8,19,4,136,40.5,61,38,5,17,102.9
259,418,62.0,27.9,2658,6.4,177.2,18,19,141,33.7,71,21,4,33,75.6
228,365,62.5,30.4,2505,6.9,208.8,11,15,120,32.9,77,23,7,20,75.7
221,412,53.6,27.5,2489,6.0,165.9,13,15,117,28.4,59,32,3,41,67.3
204,357,57.1,23.8,2402,6.7,160.1,14,14,107,30.0,61,30,8,23,74.5
192,331,58.0,23.6,2236,6.8,159.7,10,12,105,31.7,55,25,5,40,73.5
175,306,57.2,25.5,2125,6.9,177.1,12,7,101,33.0,74,27,4,49,82.2
145,240,60.4,30.0,2063,8.6,257.9,16,5,94,39.2,64,30,7,24,101.8
184,302,60.9,27.5,2025,6.7,184.1,13,9,102,33.8,49,21,4,24,82.7
161,322,50.0,29.3,1883,5.8,171.2,11,18,81,25.2,83,23,5,31,56.2
151,289,52.2,18.1,1860,6.4,116.2,11,8,91,31.5,45,23,2,30,73.6
138,232,59.5,23.2,1776,7.7,177.6,9,8,87,37.5,44,27,5,12,82.1
132,231,57.1,21.0,1700,7.4,154.5,8,3,70,30.3,52,29,4,10,86.5
154,280,55.0,28.0,1646,5.9,164.6,8,9,67,23.9,68,19,5,27,68.5
156,262,59.5,23.8,1632,6.2,148.4,7,14,81,30.9,48,15,1,13,64.3
150,274,54.7,24.9,1578,5.8,143.5,8,8,84,30.7,53,19,2,20,69.3
113,194,58.2,24.2,1514,7.8,189.2,9,6,66,34.0,53,20,4,15,85.7
134,226,59.3,20.5,1502,6.6,136.5,12,11,70,31.0,59,18,6,23,76.6
137,215,63.7,30.7,1483,6.9,211.9,7,9,59,27.4,79,14,2,10,77.3
123,202,60.9,28.9,1416,7.0,202.3,8,10,66,32.7,62,17,4,14,74.6
113,194,58.2,32.3,1389,7.2,231.5,7,6,65,33.5,50,20,3,12,79.6
118,267,44.2,22.2,1253,4.7,104.4,3,6,58,21.7,46,17,1,36,52.8
117,210,55.7,19.1,1047,5.0,95.2,2,8,45,21.4,67,9,1,17,56.6
89,187,47.6,23.4,966,5.2,120.8,3,8,51,27.3,38,9,0,16,50.8
102,178,57.3,29.7,964,5.4,160.7,3,6,53,29.8,41,7,1,5,64.0
66,148,44.6,12.3,878,5.9,73.2,1,1,37,25.0,77,14,1,13,63.4
74,125,59.2,20.8,849,6.8,141.5,6,4,35,28.0,76,14,4,8,82.4
49,87,56.3,17.4,540,6.2,108.0,3,2,27,31.0,45,5,3,13,76.8
36,64,56.3,9.1,530,8.3,75.7,2,3,24,37.5,67,8,1,3,74.3
57,116,49.1,23.2,524,4.5,104.8,2,5,30,25.9,35,2,0,8,49.6
56,91,61.5,18.2,503,5.5,100.6,1,4,26,28.6,40,3,1,12,61.7
40,69,58.0,11.5,467,6.8,77.8,2,3,20,29.0,44,5,1,10,70.1
36,67,53.7,16.8,406,6.1,101.5,2,3,21,31.3,26,5,0,13,63.4
47,82,57.3,27.3,382,4.7,127.3,1,1,22,26.8,34,3,0,2,68.2
